"n_bldgs","res_units","res_area","boro_code","tract"
125,0,0,1,0
2,0,0,1,100
42,1055,900498,1,201
50,3568,3099579,1,202
1,0,0,1,500
161,5234,4631198,1,600
71,7362,7131349,1,700
250,3775,2588870,1,800
98,1076,1359541,1,900
6,839,1246740,1,1001
7,2427,3026210,1,1002
35,1816,1868752,1,1200
89,3929,3798599,1,1300
11,1746,1975024,1,1401
88,1927,1453408,1,1402
135,4471,5029062,1,1501
138,5883,5686270,1,1502
314,2588,1735540,1,1600
318,3580,2527357,1,1800
3,1861,1658649,1,2000
172,3655,5640161,1,2100
103,3206,2812121,1,2201
96,1487,1087443,1,2202
5,1790,1449589,1,2400
5,1934,1250820,1,2500
143,1864,1386900,1,2601
200,2426,1774879,1,2602
50,661,620648,1,2700
159,3976,3408305,1,2800
227,2549,1573779,1,2900
216,2889,1811929,1,3001
85,1933,1362655,1,3002
84,1110,1512362,1,3100
290,5118,3572456,1,3200
369,3282,5972225,1,3300
334,4743,2939336,1,3400
97,1703,1446095,1,3601
130,1780,1303948,1,3602
240,2212,2323303,1,3700
454,5784,3700587,1,3800
227,3522,6353784,1,3900
302,4852,3284294,1,4000
362,4082,2642003,1,4100
80,2171,1589675,1,4200
237,2707,2282261,1,4300
7,8764,8367942,1,4400
140,571,1038679,1,4500
271,1912,2796220,1,4700
243,4657,3334948,1,4800
345,3256,4135827,1,4900
188,3850,3330226,1,5000
156,1775,2424678,1,5200
188,3150,3467419,1,5400
25,2799,865189,1,5501
160,1304,1873135,1,5502
89,2407,2569593,1,5600
51,1873,2496093,1,5700
189,2745,3241246,1,5800
87,3495,3161938,1,5900
2,2491,3102556,1,6000
159,2867,2729547,1,6100
18,1471,1743794,1,6200
316,4676,4713930,1,6300
162,5480,4983814,1,6400
281,3874,2539726,1,6500
157,7235,5587155,1,6600
383,3964,2706826,1,6700
191,4618,3765974,1,6800
66,1592,1831317,1,6900
229,5973,4604473,1,7000
324,3991,3513666,1,7100
242,5882,4919981,1,7200
440,4693,3122491,1,7300
170,4395,5027037,1,7400
208,2714,2890095,1,7500
176,2099,2025267,1,7600
360,4446,3105980,1,7700
161,6380,5141223,1,7800
253,2979,3253331,1,7900
255,4290,3645672,1,8000
263,5779,4847040,1,8100
139,2620,2317037,1,8200
125,2419,1964687,1,8300
163,1446,1291119,1,8400
18,2395,2361827,1,8601
3,0,0,1,8602
91,3681,4346263,1,8603
258,4447,3891067,1,8700
88,7147,5967206,1,8800
321,3745,2870817,1,8900
164,6174,5572492,1,9000
215,4660,4355897,1,9100
75,1413,1129249,1,9200
177,5783,5513960,1,9300
93,65,64801,1,9400
216,1796,1817749,1,9500
155,369,267448,1,9600
61,3343,2604011,1,9700
308,5976,5253615,1,9800
276,5702,7269927,1,9900
90,1645,1643770,1,10000
83,1799,983759,1,10100
98,336,486901,1,10200
72,2345,1105763,1,10300
110,2498,5178420,1,10400
103,5748,8154583,1,10601
54,2874,2708119,1,10602
197,7040,7068850,1,10800
130,482,152772,1,10900
255,5373,4862554,1,11000
159,3597,2898930,1,11100
54,1292,1427209,1,11201
39,676,1421579,1,11202
68,1220,1589960,1,11203
103,160,67441,1,11300
98,1424,2880548,1,11401
169,2051,2851498,1,11402
123,2586,2154020,1,11500
53,2304,1497932,1,11600
37,3618,2871859,1,11700
142,6395,6563082,1,11800
94,863,293778,1,11900
237,2950,4807210,1,12000
270,5940,4378450,1,12100
295,3077,6058659,1,12200
132,6580,5305662,1,12400
107,2061,1792077,1,12500
227,9489,7953887,1,12600
330,4566,2942944,1,12700
263,3997,6853106,1,12800
202,6752,5326903,1,12900
246,3114,7080756,1,13000
56,2866,2508629,1,13100
198,7417,5300127,1,13200
236,4585,3461975,1,13300
285,7821,6375402,1,13400
106,6666,6017819,1,13500
281,9972,9820200,1,13600
135,7838,8538698,1,13700
312,8344,6687594,1,13800
177,7510,5757670,1,13900
287,4672,7020420,1,14000
281,3124,6398539,1,14200
2,24,187270,1,14300
113,3003,3189908,1,14401
201,4311,4005837,1,14402
32,4246,5223921,1,14500
129,3005,2312286,1,14601
150,5582,4756027,1,14602
15,1649,1529530,1,14700
53,1801,2321646,1,14801
154,4184,5010660,1,14802
55,4347,4538046,1,14900
38,1394,2625756,1,15001
95,3049,6094725,1,15002
42,8246,9037972,1,15100
64,4059,3512882,1,15200
207,6259,6776264,1,15300
225,8776,7367866,1,15400
26,6758,7161258,1,15500
74,3262,2310670,1,15601
19,843,878363,1,15602
322,7484,7404811,1,15700
220,3055,3858609,1,15801
58,1979,1664649,1,15802
218,6632,6835043,1,15900
181,2170,4008835,1,16001
46,1360,1700219,1,16002
326,4334,4281778,1,16100
30,4279,4362212,1,16200
208,4219,4966400,1,16300
70,3098,2995309,1,16400
217,4115,4550906,1,16500
260,3504,2433298,1,16600
172,3884,4949940,1,16700
46,2038,2083836,1,16800
330,5111,4976361,1,16900
151,4017,3048168,1,17000
199,5261,6079054,1,17100
277,2845,2398628,1,17200
353,5346,5671985,1,17300
36,2109,1982374,1,17401
25,1053,1053907,1,17402
196,5680,7346856,1,17500
130,5701,5825708,1,17700
287,1888,1443937,1,17800
166,4661,5244414,1,17900
201,3189,2640332,1,18000
178,5065,5805652,1,18100
178,3157,2616182,1,18200
121,4196,4093510,1,18300
157,3268,3119657,1,18400
20,3365,2931565,1,18500
25,1193,1228728,1,18600
169,4456,5274305,1,18700
322,2593,2280329,1,18800
192,5322,4277439,1,18900
90,1679,1675104,1,19000
185,4921,5101975,1,19100
51,2219,981338,1,19200
182,4603,3582126,1,19300
191,2897,2274408,1,19400
157,4032,4203374,1,19500
195,2490,1819060,1,19600
9,725,722927,1,19701
75,1368,1090586,1,19702
113,1341,1297919,1,19800
148,4318,4213289,1,19900
309,1808,1501472,1,20000
26,512,664156,1,20101
132,1866,1883568,1,20102
25,930,662066,1,20300
52,1495,2020426,1,20500
277,2086,1629078,1,20600
28,1559,1339223,1,20701
383,2574,2289551,1,20800
75,1578,1399616,1,20901
8,3315,2487521,1,21000
83,4702,4463632,1,21100
67,2745,2640191,1,21200
140,2597,2104928,1,21303
17,1936,1414156,1,21400
89,1553,1613712,1,21500
226,3922,3829351,1,21600
13,0,0,1,21703
233,2893,2936569,1,21800
112,2233,2061833,1,21900
373,3008,2747075,1,22000
163,1245,1138673,1,22102
271,1652,1558195,1,22200
128,2529,2307820,1,22301
16,359,272830,1,22302
229,3266,2725829,1,22400
188,4131,3795066,1,22500
377,2761,1973551,1,22600
351,2773,2507329,1,22700
388,3066,2568229,1,22800
188,3113,2984856,1,22900
263,3988,3506484,1,23000
284,2967,2594227,1,23100
156,3568,3108738,1,23200
241,2806,2624901,1,23300
85,2546,2059387,1,23400
185,2786,2631118,1,23501
47,960,760081,1,23502
68,3430,3352402,1,23600
163,2732,2462337,1,23700
19,3591,3222037,1,23801
2,8018,3739745,1,23802
50,1149,946875,1,23900
6,0,0,1,24000
117,3424,3710285,1,24100
116,1712,1770700,1,24200
137,1611,1330309,1,24301
6,2598,3299760,1,24302
229,5191,4741296,1,24500
67,2337,2837688,1,24700
40,492,400258,1,24900
77,1035,690056,1,25100
164,3952,3520841,1,25300
67,2252,2273160,1,25500
199,2024,2142532,1,25700
88,1920,1694046,1,25900
158,3771,3185081,1,26100
102,2931,2778345,1,26300
83,2957,2970403,1,26500
18,695,653547,1,26700
218,2747,2195010,1,26900
122,3070,2852894,1,27100
71,3256,3301610,1,27300
23,1605,1813399,1,27500
62,2074,1761711,1,27700
125,4089,3621271,1,27900
23,1434,1508319,1,28100
68,3219,2948989,1,28300
90,2546,2069718,1,28500
54,1705,1593149,1,28700
127,3928,3144601,1,29100
95,2992,2430399,1,29300
102,3494,3043987,1,29500
6,0,0,1,29700
93,1573,1327875,1,29900
57,1863,1511159,1,30300
63,1840,1839472,1,30700
220,3118,2747730,1,30900
4,18,15225,1,31100
21,3000,3440050,1,31703
23,5471,5304811,1,31704
2,0,0,1,31900
390,0,84163,2,0
1,0,0,2,100
917,1415,1434678,2,200
797,2047,2145966,2,400
372,2039,2043107,2,1600
453,1431,1295288,2,1900
489,3206,2743162,2,2000
11,1732,2457210,2,2300
1,0,0,2,2400
163,2667,2540152,2,2500
48,1112,1284452,2,2701
161,1778,1458358,2,2702
101,2850,3018856,2,2800
79,1000,1141366,2,3100
172,1410,1241895,2,3300
139,1365,1180362,2,3500
11,96,91234,2,3700
139,477,387952,2,3800
375,2352,2277340,2,3900
216,539,525865,2,4001
201,2088,1932355,2,4100
80,2941,2834938,2,4200
346,2485,2430254,2,4300
102,1735,1546703,2,4400
50,693,647075,2,4600
107,1344,1155167,2,4800
219,1615,1529369,2,5001
198,1925,1699794,2,5002
157,2336,2365027,2,5100
119,836,753635,2,5200
2,1654,1359110,2,5300
429,1737,1687262,2,5400
193,957,796157,2,5600
24,1130,1259272,2,5902
85,407,357725,2,6000
19,940,864685,2,6100
165,2340,2122986,2,6200
231,2393,2568702,2,6300
349,1266,1218436,2,6400
230,2324,2044478,2,6500
234,2458,2217686,2,6700
269,957,965451,2,6800
257,2654,2478840,2,6900
484,1435,1260926,2,7000
88,907,820071,2,7100
438,1760,1617395,2,7200
115,1673,1407707,2,7300
314,1406,1442988,2,7400
338,2720,2653846,2,7500
446,1661,1573280,2,7600
186,619,586864,2,7700
594,2003,1978261,2,7800
190,2496,2005454,2,7900
262,2142,1966711,2,8300
409,747,803831,2,8400
259,2179,1869542,2,8500
121,1495,1481845,2,8600
167,2078,2054938,2,8700
109,1239,1232216,2,8900
339,1250,1244542,2,9000
498,1743,1789746,2,9200
832,1904,1796738,2,9300
454,706,714343,2,9600
783,1935,1972202,2,9800
32,39,37902,2,11000
274,1529,1470845,2,11502
98,612,564738,2,11700
863,1681,1275250,2,11800
159,1957,1733263,2,11900
234,1153,931724,2,12101
45,522,483008,2,12102
220,1765,1594343,2,12300
376,1349,1340646,2,12500
167,895,776170,2,12701
171,1741,1621772,2,12901
247,448,406989,2,13000
337,2140,1730156,2,13100
1279,2191,2353855,2,13200
72,2397,2516716,2,13300
217,1482,1466009,2,13500
333,1253,671212,2,13800
175,2827,2759740,2,14100
61,767,479856,2,14300
292,2371,2212491,2,14400
109,2503,2308910,2,14500
21,2053,2073936,2,14701
16,1667,1675421,2,14702
201,1810,1728240,2,14900
401,2045,1863275,2,15100
528,883,770338,2,15200
349,1560,1409415,2,15300
106,1017,838625,2,15500
310,1782,1901977,2,15700
262,570,563928,2,15800
59,911,1049296,2,15900
955,1467,1624656,2,16000
121,2209,1877062,2,16100
379,604,586747,2,16200
4,0,0,2,16300
296,449,481950,2,16400
89,398,351301,2,16500
519,729,713448,2,16600
121,1109,1053253,2,16700
119,599,503633,2,16900
1,0,0,2,17100
191,1593,1377650,2,17300
176,2510,2152735,2,17500
192,1354,1231855,2,17701
325,1591,1311036,2,17702
68,1801,1716557,2,17901
54,1233,1100006,2,17902
151,1097,1010338,2,18101
51,1993,1724978,2,18102
26,2033,2098805,2,18301
86,1313,1212795,2,18302
933,1517,1509786,2,18400
466,3383,3185741,2,18500
284,3078,3108341,2,18900
104,2387,2235820,2,19300
377,698,646109,2,19400
86,2718,2839120,2,19500
66,2285,2292420,2,19700
170,2441,2403271,2,19900
400,1612,1462664,2,20000
98,1395,1436683,2,20100
245,878,812902,2,20200
316,1006,926736,2,20400
136,7992,2907946,2,20501
168,916,917391,2,20502
345,973,953832,2,20601
73,1769,1716244,2,20900
8,3985,2907433,2,21001
10,3381,2413109,2,21002
194,2079,2116297,2,21100
1,2659,1965090,2,21200
49,455,500411,2,21301
135,2210,2093558,2,21302
69,1399,1483725,2,21501
151,2268,2279311,2,21502
223,1785,1592286,2,21601
80,2550,1913307,2,21602
125,2059,1809066,2,21700
398,2349,2129957,2,21800
82,345,279320,2,21900
129,760,720991,2,22000
40,1354,1181470,2,22101
51,1774,1424268,2,22102
281,1245,1157996,2,22200
47,1829,1732999,2,22300
34,1149,1228802,2,22401
28,1329,1350847,2,22403
29,2155,1951157,2,22404
124,2625,2438499,2,22500
95,1887,1906623,2,22701
22,557,520513,2,22702
17,713,495150,2,22703
199,2506,2492551,2,22800
159,1991,1739771,2,22901
132,1126,979599,2,22902
277,1008,903642,2,23000
118,498,385324,2,23100
363,909,810151,2,23200
97,1587,1405851,2,23301
77,1096,1059851,2,23302
38,1130,1079661,2,23501
97,1645,1474557,2,23502
215,654,547392,2,23600
36,414,301342,2,23702
82,1600,1402009,2,23703
57,1374,1259601,2,23704
387,841,807478,2,23800
229,2683,2403363,2,23900
526,1287,1108929,2,24000
145,2209,1986767,2,24100
180,1997,1966217,2,24300
394,843,782491,2,24400
165,1562,1676761,2,24501
132,1165,1301311,2,24502
360,782,744430,2,24600
29,749,763339,2,24700
401,1230,1262763,2,24800
6,0,0,2,24900
468,1047,964658,2,25000
357,2199,2129663,2,25100
504,982,909210,2,25200
167,2004,1957646,2,25300
401,852,769829,2,25400
150,2136,2151559,2,25500
293,656,707802,2,25600
72,676,710121,2,25700
2,1116,1151670,2,26100
128,1954,1818372,2,26300
989,2133,1979343,2,26400
199,2190,2193308,2,26500
308,1448,1389676,2,26601
602,2721,2437782,2,26602
54,1393,1435673,2,26701
154,2431,2682794,2,26702
142,1606,1565651,2,26900
244,2661,2813342,2,27300
1240,1842,1985247,2,27401
725,1334,1516706,2,27402
6,1,1326,2,27600
212,1817,1801457,2,27700
322,3156,3312269,2,27900
60,2032,2006336,2,28100
66,478,456229,2,28300
70,15,14425,2,28400
211,1824,1686897,2,28500
292,513,477871,2,28600
266,1330,1382019,2,28700
671,1197,1368345,2,28800
109,2014,2020703,2,28900
51,1050,1400441,2,29301
153,2894,3324352,2,29302
195,2227,2627873,2,29500
217,1025,852242,2,29600
142,2097,2438274,2,29700
771,2671,2490739,2,30000
66,648,775807,2,30100
102,4572,5636352,2,30200
149,2992,3659447,2,30701
231,1951,2613638,2,30900
882,1204,1450069,2,31000
413,586,608223,2,31200
445,619,674048,2,31400
412,667,605631,2,31600
368,589,613076,2,31800
6,0,0,2,31900
224,2873,3042203,2,32300
167,1261,1040475,2,32400
638,1074,1131060,2,32600
265,1478,1371647,2,32800
214,2164,2021621,2,33000
47,2041,1707169,2,33201
96,1603,1590520,2,33202
9,0,205050,2,33400
301,910,1611031,2,33500
118,12364,2470876,2,33600
609,1255,1411261,2,33700
334,1363,1227995,2,33800
291,1813,1645879,2,34000
269,551,519745,2,34200
229,605,719311,2,34300
347,582,530566,2,34400
407,1688,1759542,2,34500
778,2076,1994387,2,34800
393,666,606637,2,35000
266,1240,1453844,2,35100
428,664,680029,2,35600
1384,2177,2221525,2,35800
65,1276,1281002,2,35900
538,907,797415,2,36000
91,2436,2479274,2,36100
273,2673,2530065,2,36300
501,818,834752,2,36400
124,1510,1310033,2,36501
154,905,813658,2,36502
157,904,810110,2,36700
336,579,533522,2,36800
101,796,743696,2,36901
62,908,807035,2,36902
419,792,720751,2,37000
335,1981,1798838,2,37100
253,764,770860,2,37200
303,2162,1895034,2,37300
175,1564,1451794,2,37400
158,1657,1433770,2,37504
199,724,704789,2,37600
197,1228,1126652,2,37800
200,2226,1986790,2,37900
413,1935,1791137,2,38000
181,2365,2185593,2,38100
429,850,837447,2,38200
124,1603,1351048,2,38301
127,2113,1914850,2,38302
283,2165,1799311,2,38500
746,2757,2616191,2,38600
201,1344,1106584,2,38700
442,850,793169,2,38800
355,1971,1675422,2,38900
439,1078,1059047,2,39000
375,2578,2147855,2,39100
180,585,605498,2,39200
195,2802,2335010,2,39300
249,1692,1569327,2,39400
441,1816,1568944,2,39500
545,1484,1328163,2,39600
113,582,1208259,2,39700
526,1027,960909,2,39800
167,1742,1689010,2,39901
135,1770,1568170,2,39902
85,1665,1462250,2,40100
34,1409,1563579,2,40302
121,1555,1629440,2,40303
50,1399,1511023,2,40304
554,1053,1005862,2,40400
147,1361,1388832,2,40501
233,2516,2539284,2,40502
466,1337,1175786,2,40600
48,1202,1218023,2,40701
198,2732,2527411,2,40702
236,1582,1418411,2,40800
44,1416,1674883,2,40900
111,1401,1361899,2,41100
212,3090,3180387,2,41300
765,1821,1723796,2,41400
157,2383,2511582,2,41500
347,1307,1181141,2,41800
195,2664,2741615,2,41900
191,1450,1286488,2,42000
77,2475,2679228,2,42100
371,1125,1081316,2,42200
120,1444,1506064,2,42300
451,798,695820,2,42400
260,2494,2495729,2,42500
1273,2075,2170137,2,42600
438,705,652303,2,42800
117,1296,1304257,2,42901
153,1676,1549588,2,42902
540,1011,956543,2,43000
173,3647,3630012,2,43100
475,1255,1172907,2,43400
13,484,475543,2,43500
405,689,647187,2,43600
514,1306,1182806,2,44200
707,1286,1270846,2,44400
443,699,661241,2,44800
326,881,1030281,2,44901
351,946,999654,2,44902
214,908,953624,2,45101
322,963,1050697,2,45102
752,1044,1167489,2,45600
2,2039,2039000,2,45800
272,1010,942842,2,46000
139,11328,13502018,2,46201
1041,2455,2588603,2,46202
764,1206,1250773,2,48400
2,0,0,2,50400
1460,2128,2431398,2,51600
553,96,210098,3,0
233,2572,2979968,3,100
282,343,271779,3,200
269,2396,2619780,3,301
162,2400,2163905,3,501
151,1686,1552893,3,502
395,2446,2743426,3,700
201,2873,2738831,3,900
69,946,807594,3,1100
35,1315,1148452,3,1300
133,5941,5326742,3,1500
180,2,6709,3,1800
279,406,333383,3,2000
246,2912,3480581,3,2100
413,1494,1445087,3,2200
11,1510,1335300,3,2300
11,946,898055,3,2901
274,725,797133,3,3000
21,1971,1862395,3,3100
304,2745,2182116,3,3300
466,1454,1661451,3,3400
141,1279,1246712,3,3500
266,1895,1974668,3,3600
114,2296,2412441,3,3700
253,720,849515,3,3800
276,1025,969693,3,3900
488,1872,1648088,3,4100
344,1897,1788578,3,4300
717,1036,1597436,3,4400
469,1863,1919531,3,4500
334,449,793404,3,4600
144,850,813274,3,4700
257,1077,1027083,3,4900
365,1127,1423448,3,5000
400,1146,1043661,3,5100
139,1167,711542,3,5201
126,1499,1575008,3,5202
824,1168,1278043,3,5300
279,1805,1746741,3,5400
224,1524,1563778,3,5601
97,1014,858683,3,5602
459,1656,1459959,3,5800
345,707,616377,3,5900
448,1190,1140278,3,6000
317,1294,1301676,3,6200
240,1083,909747,3,6300
470,1545,1620996,3,6400
784,2756,2432682,3,6500
317,1651,1556286,3,6600
505,1685,1776633,3,6700
480,1834,1625890,3,6800
508,1812,1706325,3,6900
188,1076,1006739,3,7000
288,1863,1515830,3,7100
133,577,483203,3,7200
420,1440,1275905,3,7400
797,2342,2125362,3,7500
449,1244,1088035,3,7600
668,2928,2566180,3,7700
433,1430,1206804,3,7800
403,1260,946875,3,8000
341,1340,1059142,3,8200
404,1059,827207,3,8400
7,2884,2289661,3,8500
1,0,0,3,8600
236,1121,902093,3,8800
239,905,689204,3,9000
298,1641,1391088,3,9200
444,1490,1436060,3,9400
509,1730,1416179,3,9600
480,1718,1414651,3,9800
520,1711,1518517,3,10000
636,1455,1087582,3,10100
481,1351,1183828,3,10200
493,1637,1442761,3,10400
525,1417,1282856,3,10600
463,1463,1255658,3,10800
298,719,616362,3,11000
358,2028,1933629,3,11200
358,1278,1230741,3,11400
407,1409,1276348,3,11600
496,1327,1122578,3,11700
225,683,637717,3,11800
398,673,552835,3,11900
198,327,278231,3,12000
329,925,772889,3,12100
410,1463,1332687,3,12200
307,894,854020,3,12600
193,2165,1619814,3,12700
217,695,639605,3,12801
324,1070,989685,3,12901
312,1679,1461262,3,12902
490,1848,1770874,3,13000
491,1928,1725876,3,13100
312,765,718360,3,13200
485,2035,1846360,3,13300
651,1576,1605462,3,13400
346,1672,1621817,3,13500
591,1696,1761916,3,13600
447,1698,1420573,3,13700
460,1377,1415737,3,13800
507,1668,1448477,3,13900
377,835,922244,3,14000
445,1767,1633244,3,14100
320,1419,1368408,3,14200
520,1717,1296136,3,14300
556,1839,1503725,3,14500
293,998,756148,3,14700
332,539,611697,3,14800
805,2446,2020523,3,14900
363,714,641413,3,15000
523,1739,1703104,3,15100
412,912,843051,3,15200
407,1393,1182500,3,15300
2,0,0,3,15400
418,1641,1697851,3,15500
474,2222,2223424,3,15700
522,2806,2923095,3,15900
421,1805,1556264,3,16000
382,1679,1690957,3,16100
254,1270,969068,3,16200
365,1998,1960527,3,16300
13,522,779078,3,16400
536,2573,3261133,3,16500
610,798,1116004,3,16600
521,2359,2081671,3,16700
291,742,656227,3,16800
609,2204,1923848,3,16900
564,1223,1110632,3,17000
622,1752,1699633,3,17100
552,1127,964855,3,17200
409,744,652076,3,17400
1,0,6525,3,17500
232,918,773350,3,17600
10,0,0,3,17700
329,929,889821,3,17800
291,1481,1572913,3,17900
421,1042,903570,3,18000
478,2342,1965740,3,18100
472,1181,946850,3,18200
341,1374,1351425,3,18300
461,921,720240,3,18400
62,1272,1246421,3,18501
346,771,723783,3,18600
183,624,565649,3,18700
442,955,1017325,3,18800
506,1596,1502502,3,19000
438,1512,1327761,3,19100
382,802,792862,3,19200
76,2612,2807294,3,19300
370,1072,916895,3,19400
245,1894,1993217,3,19500
510,1549,1299442,3,19600
328,1839,1900388,3,19700
368,698,699705,3,19800
296,2300,2031300,3,19900
442,775,794793,3,20000
511,2104,1892230,3,20100
456,733,773044,3,20200
319,895,912101,3,20300
464,701,803693,3,20400
357,1608,1435066,3,20500
444,822,949006,3,20600
280,2280,2268115,3,20700
454,1064,1035104,3,20800
435,1339,1208873,3,21000
241,999,942507,3,21100
458,1368,1171732,3,21200
83,1858,1821042,3,21300
278,593,614213,3,21400
159,2702,2640083,3,21500
432,1077,1429696,3,21600
175,1924,1569666,3,21700
477,1189,1277781,3,21800
355,1973,1710872,3,21900
488,1446,1687389,3,22000
356,1721,1414607,3,22100
435,1522,1781901,3,22200
485,1543,1681863,3,22400
301,680,610968,3,22600
495,2219,1908675,3,22700
334,870,872544,3,22800
507,1798,1553384,3,22900
409,1205,1223770,3,23000
363,1688,1601922,3,23100
649,1765,2077698,3,23200
392,2277,2133965,3,23300
391,1636,2142759,3,23400
276,1675,1785205,3,23500
347,1798,2352494,3,23600
406,1532,1955098,3,23800
404,1494,1871831,3,24000
279,1472,1235716,3,24100
405,1001,1370671,3,24200
471,1900,1671291,3,24300
462,1002,1111832,3,24400
540,1812,1628442,3,24500
515,1022,1078328,3,24600
279,1171,1036832,3,24700
427,862,782854,3,24800
514,1793,1587741,3,24900
298,525,441144,3,25000
331,1587,1377511,3,25100
485,1828,1622538,3,25200
405,1428,1259932,3,25300
479,1155,1103848,3,25400
3,1372,1600192,3,25500
470,1038,993110,3,25600
269,909,912420,3,25700
450,1625,1566756,3,25800
159,721,660476,3,25901
1,1046,8e+05,3,25902
492,1192,1121402,3,26000
577,2556,2309318,3,26100
446,848,837228,3,26200
243,858,719082,3,26300
549,1635,1400293,3,26400
451,1632,1509776,3,26500
487,1183,1156345,3,26600
574,1808,1576993,3,26700
460,1499,1539781,3,26800
349,1292,1131853,3,26900
257,928,1009030,3,27000
371,1446,1432553,3,27100
322,1221,1239650,3,27200
319,1340,1309723,3,27300
408,1037,1039396,3,27400
524,1641,1453162,3,27500
348,1227,1081024,3,27600
337,1640,1464000,3,27700
295,1227,1178942,3,27800
535,1589,1371904,3,27900
260,683,529873,3,28000
281,1962,2333038,3,28100
366,1269,1062744,3,28200
259,1628,1462197,3,28300
356,1428,1396324,3,28400
48,286,183991,3,28501
4,1613,1354815,3,28502
213,2096,1738034,3,28600
298,2850,1283311,3,28700
327,1226,1213067,3,28800
410,1821,1338595,3,28900
276,1596,1614591,3,29000
438,1422,1192391,3,29100
184,1013,1032011,3,29200
337,1406,1267645,3,29300
123,611,539803,3,29400
599,1750,1517460,3,29500
401,2264,2274876,3,29600
530,1431,1315970,3,29700
469,1297,1264269,3,29800
309,939,889596,3,29900
483,1359,1229521,3,30000
515,1088,912722,3,30100
606,1511,1231750,3,30200
433,2512,1816614,3,30300
492,1622,1413479,3,30400
500,4064,2738312,3,30500
342,740,660253,3,30600
389,2266,1879869,3,30700
292,865,912738,3,30800
246,811,713162,3,30900
364,1250,1106727,3,31100
377,2183,2081506,3,31300
533,2115,2207829,3,31400
387,2585,2188246,3,31500
314,1681,1659316,3,31701
370,1583,1368524,3,31702
245,1401,1414734,3,31900
230,2282,2273356,3,32100
290,1441,1455323,3,32300
125,2521,2535655,3,32500
501,2460,2388540,3,32600
272,1460,1404421,3,32700
576,1079,1068821,3,32800
272,2371,2317213,3,32900
113,1808,1511892,3,33000
268,1510,1596930,3,33100
394,1336,1697653,3,33300
452,904,1344423,3,33500
976,1968,2073141,3,33600
422,1563,1741165,3,33700
466,1931,1969160,3,33900
23,545,453392,3,34000
155,1026,1171822,3,34100
75,3342,3226778,3,34200
257,2031,1862619,3,34300
350,1030,942724,3,34500
225,1530,1354947,3,34700
420,878,729502,3,34800
298,2143,2030902,3,34900
32,1768,1736700,3,35000
312,1821,1736506,3,35100
124,519,373812,3,35200
327,1959,1909174,3,35300
22,2916,3094753,3,35400
175,1885,1889390,3,35500
1,1547,1800000,3,35601
20,2983,3112961,3,35602
108,993,892149,3,35700
321,2331,2232088,3,35900
60,1856,1763112,3,36001
53,2233,2327516,3,36002
242,985,864433,3,36100
444,1554,1122497,3,36200
509,2111,2266166,3,36300
307,1064,928447,3,36400
202,1615,1129880,3,36501
231,538,499932,3,36502
311,1474,1215949,3,36600
222,502,378872,3,36700
586,2181,1875496,3,36900
594,1650,1496890,3,37000
607,1684,1471765,3,37100
439,1893,1629514,3,37300
412,1960,1754757,3,37401
308,2260,1916862,3,37402
424,1606,1466348,3,37500
568,1668,1455128,3,37700
510,1521,1349237,3,37900
441,2462,2250932,3,38100
139,2105,1731050,3,38200
638,1820,1508563,3,38300
486,1546,1361009,3,38500
625,1238,1023104,3,38600
496,1824,1611999,3,38700
495,1508,1343696,3,38800
308,1296,1120060,3,38900
385,851,900655,3,39000
241,2141,1801734,3,39100
366,1102,1132782,3,39200
435,1769,1505914,3,39300
417,832,1141531,3,39400
419,1747,1471259,3,39500
385,771,1067744,3,39600
429,1439,1282794,3,39700
478,906,785177,3,39800
380,1346,1247855,3,39900
509,1123,997932,3,40000
458,1316,1119109,3,40100
428,905,776313,3,40200
521,1390,1278433,3,40300
375,866,775036,3,40400
275,658,563322,3,40500
453,1150,992061,3,40600
2,0,0,3,40700
479,1083,933835,3,40800
370,1292,1099587,3,40900
331,718,669490,3,41000
395,1173,992789,3,41100
398,1081,1028306,3,41200
478,1314,1245590,3,41300
199,523,692318,3,41401
204,733,1165986,3,41402
507,1291,1118686,3,41500
365,824,984407,3,41600
211,1382,1265296,3,41700
299,957,1201228,3,41800
329,1390,1375426,3,41900
350,576,726593,3,42000
414,1471,1356947,3,42100
522,1222,1406111,3,42200
443,1534,1419643,3,42300
407,1379,1311458,3,42400
267,1346,1171236,3,42500
451,1491,1389433,3,42600
394,1859,1559807,3,42700
371,1449,1492879,3,42800
358,1998,1627372,3,42900
264,1336,1253302,3,43000
403,1739,1354933,3,43100
366,1460,1338968,3,43200
282,1386,1206846,3,43300
327,1357,1363984,3,43400
467,1367,1278189,3,43500
339,1572,1450189,3,43600
461,1781,1599141,3,43700
242,985,1035266,3,43800
464,1195,1112779,3,43900
414,1020,1212952,3,44000
397,1890,1516757,3,44100
367,945,1301796,3,44200
440,1862,1576844,3,44300
379,1234,1369223,3,44400
426,1591,1362094,3,44500
267,670,633219,3,44600
218,874,791816,3,44700
225,854,959159,3,44800
554,1142,982242,3,44900
149,184,252765,3,45000
361,974,1337708,3,45200
320,694,455871,3,45300
306,604,698182,3,45400
251,909,1163356,3,45600
256,559,1096418,3,45800
333,1271,1525506,3,46000
200,1130,1135052,3,46201
307,583,755368,3,46202
386,781,806720,3,46400
275,572,697320,3,46800
433,882,1163446,3,47000
355,766,1259051,3,47200
418,908,1351541,3,47400
497,1175,1540363,3,47600
490,1985,1707845,3,47700
518,1401,1566421,3,47800
328,1183,1111614,3,48000
342,1485,1201356,3,48100
330,2204,1961170,3,48200
341,1781,1864159,3,48400
504,734,632953,3,48500
357,925,808065,3,48600
310,1473,1513471,3,48800
4,1425,1412700,3,48900
270,2242,2287897,3,49000
198,2687,2466776,3,49100
322,1089,1115543,3,49200
260,3499,2875302,3,49300
262,2100,2168153,3,49400
363,1437,1230113,3,49500
507,1391,1391481,3,49600
420,1831,1554575,3,49700
424,1633,1532231,3,49800
243,1056,946772,3,49900
367,1633,1741520,3,50000
407,1555,1248511,3,50100
326,1115,1094473,3,50202
377,1272,1025979,3,50300
276,2201,2453954,3,50400
192,2096,1847727,3,50500
252,2029,1917577,3,50600
194,771,988104,3,50700
69,1503,1640675,3,50801
69,1034,965457,3,50803
78,2748,2696907,3,50804
191,1023,1365916,3,50900
68,1465,1482363,3,51001
125,2003,1974959,3,51002
192,2043,1946350,3,51100
90,2377,2567942,3,51200
437,2679,2434339,3,51300
177,2675,2841094,3,51400
139,1298,1155868,3,51500
195,2030,1978402,3,51601
117,1516,1395217,3,51602
162,1550,1449372,3,51700
212,1413,1899429,3,51800
472,3333,3221987,3,51900
343,1394,1564033,3,52000
263,2426,2045072,3,52300
122,1399,1275868,3,52500
239,1727,1859213,3,52600
344,2640,2149333,3,52700
271,680,969594,3,52800
322,1081,1026139,3,52900
375,1215,1287726,3,53000
274,1679,2206050,3,53100
296,995,1191594,3,53200
535,1841,1774831,3,53300
418,1357,1487505,3,53400
274,1281,1209621,3,53500
198,858,1101036,3,53700
267,2281,2273650,3,53800
49,822,1000358,3,53900
428,1629,1807693,3,54200
74,182,223214,3,54300
450,1363,1535342,3,54400
26,2292,2483226,3,54500
282,2514,2688510,3,54600
187,2671,3166550,3,54700
363,804,1033768,3,54800
219,2476,2462115,3,54900
302,1611,1747235,3,55000
394,2929,2491907,3,55100
276,1519,1580458,3,55200
294,1670,1404282,3,55300
315,1810,1776546,3,55400
254,4623,4564399,3,55500
395,1411,1632579,3,55600
191,1326,975876,3,55700
342,956,1049384,3,55800
366,1541,1845898,3,56000
509,1771,1590724,3,56100
461,533,761526,3,56200
434,3642,3001338,3,56300
511,1034,1057355,3,56400
425,1927,1707537,3,56500
393,986,983473,3,56600
366,509,497011,3,56800
277,870,691086,3,56900
301,1473,1529216,3,57000
592,2163,1754550,3,57100
4,2204,2233841,3,57200
374,1264,1059853,3,57300
583,846,793752,3,57400
473,2602,2079519,3,57500
458,946,1026979,3,57600
383,1149,1233463,3,57800
305,624,518630,3,57900
355,1261,1162858,3,58000
368,1057,1071081,3,58200
403,1512,1442512,3,58400
448,761,733800,3,58600
287,1520,1433311,3,58800
332,932,799137,3,58900
320,659,584144,3,59000
476,1920,1582307,3,59100
406,1710,1609831,3,59200
364,982,897756,3,59300
1066,2957,2812670,3,59401
921,2031,1850767,3,59402
206,1164,1184247,3,59600
454,1332,1314566,3,59800
770,2834,2937756,3,60000
220,1483,1272400,3,60600
262,1758,1679251,3,60800
80,2325,2781834,3,61002
230,637,510299,3,61003
367,3451,2954004,3,61004
264,497,812591,3,61200
419,599,912195,3,61600
482,683,1156234,3,62000
378,1481,1408022,3,62200
386,1130,1129553,3,62600
2249,1911,2026924,3,62800
202,710,710196,3,63200
407,454,502572,3,63600
384,637,613402,3,63800
437,525,630851,3,64000
344,1050,1256772,3,64200
534,871,852441,3,64400
539,674,728495,3,64600
442,629,709781,3,64800
333,484,575959,3,65000
379,435,467732,3,65200
500,555,639676,3,65400
617,623,678906,3,65600
536,743,665634,3,65800
500,620,674123,3,66000
410,582,531790,3,66200
5,0,0,3,66600
498,1003,812545,3,67000
315,413,385415,3,67200
500,596,670479,3,67400
390,515,483173,3,67600
465,826,899430,3,67800
482,576,561300,3,68000
597,814,779514,3,68200
255,673,670838,3,68600
461,587,605017,3,68800
480,607,708117,3,69000
503,762,807922,3,69200
424,1403,1516787,3,69601
1187,2253,2554112,3,69602
422,545,673135,3,69800
410,716,724072,3,70000
1902,2529,3557353,3,70201
10,0,0,3,70202
1,0,0,3,70203
764,1060,1219407,3,70600
288,617,679813,3,72000
577,887,789485,3,72200
412,610,559684,3,72400
556,624,716321,3,72600
457,1420,1363906,3,72800
485,680,733105,3,73000
429,654,699389,3,73200
366,485,584478,3,73400
362,1140,1108853,3,73600
438,1101,1129821,3,73800
382,1041,1090444,3,74000
504,924,1096237,3,74200
500,625,881022,3,74400
410,663,727890,3,74600
347,675,934852,3,74800
460,948,1268861,3,75000
302,337,839271,3,75200
345,442,790850,3,75400
350,676,939361,3,75600
408,775,1139157,3,75800
294,1121,1528788,3,76000
258,1670,1998505,3,76200
181,1489,1737397,3,76400
112,758,946867,3,76600
461,1627,1788555,3,76800
254,1014,1221621,3,77000
360,1194,1598545,3,77200
165,1144,1204027,3,77400
348,1629,1634022,3,77600
470,606,754647,3,78000
345,1563,1307058,3,78200
396,715,890724,3,78400
318,1750,1673773,3,78600
283,1307,1114718,3,78800
438,1844,1863040,3,79000
436,1400,1360875,3,79200
274,837,708999,3,79400
225,1888,1883164,3,79601
157,1971,2074003,3,79602
287,1280,1576231,3,79801
106,2690,2500929,3,79802
565,1413,1564153,3,80000
395,1864,1931797,3,80200
406,1350,1259121,3,80400
367,1227,1222846,3,80600
17,502,575092,3,80800
229,1082,949791,3,81000
414,914,879610,3,81400
318,944,935917,3,81600
237,2296,2195179,3,81800
215,2253,2138647,3,82000
249,3536,3266364,3,82200
522,1979,1762141,3,82400
587,2050,1772010,3,82600
384,1410,1306976,3,82800
346,2250,1981089,3,83000
429,709,715697,3,83200
409,541,565749,3,83400
417,710,520009,3,83600
531,693,740635,3,83800
450,683,741556,3,84000
445,666,630774,3,84600
372,562,574366,3,84800
361,459,454851,3,85000
2,0,0,3,85200
381,744,605042,3,85400
379,1407,1276616,3,85600
401,788,753304,3,85800
460,1136,1099197,3,86000
367,1111,1037842,3,86200
354,741,702318,3,86400
391,1239,1090037,3,86600
412,1170,1071354,3,86800
390,1130,993940,3,87000
381,1019,1009452,3,87200
300,1393,1122685,3,87401
254,716,631128,3,87600
227,929,793243,3,87800
349,1240,1136456,3,88000
455,2533,2377431,3,88200
441,1897,1608186,3,88400
300,1684,1425719,3,88600
387,1417,1261154,3,88800
387,2212,1879850,3,89000
214,1568,1324753,3,89200
496,1217,1157988,3,89400
310,1549,1279023,3,89600
346,683,675949,3,89800
408,2007,1965651,3,90000
467,1223,1271764,3,90200
197,1660,1546775,3,90600
294,2046,1250727,3,90800
57,2316,1804944,3,91000
9,2335,3080697,3,91200
418,1757,1617610,3,91600
368,977,982812,3,91800
449,1105,1060158,3,92000
170,1252,1237483,3,92200
371,1050,1030538,3,92400
365,1011,830687,3,92800
477,847,702382,3,93000
374,386,355938,3,93200
517,894,649875,3,93400
307,619,512792,3,93600
330,882,818800,3,93800
550,1063,1127321,3,94401
2,1188,987444,3,94402
401,729,557383,3,94600
462,917,954480,3,95000
715,1413,1553603,3,95400
569,1212,1209106,3,95600
568,1124,1070300,3,95800
130,1,1170,3,96000
307,493,459670,3,96200
401,739,651479,3,96400
418,715,643940,3,96600
300,427,424193,3,96800
358,667,615033,3,97000
370,559,463855,3,97400
8,1620,1306094,3,98200
327,582,619588,3,98400
450,893,727794,3,98600
400,969,769009,3,98800
298,471,415688,3,99000
315,578,551597,3,99200
284,617,594279,3,99400
565,1114,1096395,3,99600
533,1244,1237382,3,99800
373,938,842588,3,100400
461,835,649597,3,100600
379,679,540030,3,100800
430,721,648928,3,101000
457,736,487669,3,101200
459,755,491384,3,101400
272,451,451671,3,101600
279,782,636972,3,101800
410,598,636840,3,102000
402,721,601253,3,102200
363,626,615515,3,102400
410,854,903392,3,102600
245,501,496159,3,102800
7,1610,1526800,3,103400
10,4784,4106480,3,105801
60,3170,3768099,3,105804
417,1099,1346920,3,107000
442,1750,1455863,3,107800
406,635,556028,3,109800
647,1713,1437412,3,110400
6,1899,1996702,3,110600
2,1316,924881,3,111000
556,996,996493,3,111600
418,1011,923785,3,111800
441,1063,951743,3,112000
410,1111,945616,3,112200
509,1327,1213248,3,112400
390,1436,1370359,3,112600
553,1406,1233326,3,112800
504,1572,1504442,3,113000
448,900,958453,3,113200
137,792,838758,3,113400
293,510,536242,3,114201
242,786,798442,3,114202
520,759,658751,3,114400
408,849,853952,3,114600
453,889,829263,3,115000
441,960,972721,3,115200
207,1750,1713968,3,115600
462,1012,944487,3,115800
358,854,802224,3,116000
470,799,798988,3,116200
556,978,916926,3,116400
444,1022,926167,3,116600
336,650,566851,3,116800
267,526,559072,3,117000
327,669,768275,3,117201
468,1109,1023766,3,117202
542,1117,1133697,3,117400
319,741,726882,3,117601
397,878,853599,3,117602
234,444,398092,3,117800
12,0,0,3,118000
381,779,745325,3,118201
363,827,762518,3,118202
655,1355,1268980,3,118400
395,753,725788,3,118600
510,1188,1064951,3,118800
282,585,518098,3,119000
487,1136,963012,3,119200
549,1299,1167663,3,119400
696,1815,1517534,3,119600
567,1008,886402,3,119800
275,726,652207,3,120000
224,437,418655,3,120200
811,2119,1908546,3,120800
2,1444,1136208,3,121000
4,1919,1647240,3,121400
748,2056,1913151,3,122000
467,1626,1967116,3,123700
558,1106,993736,3,150200
540,1153,1899138,3,152200
1217,56,43288,4,0
208,6236,6027627,4,100
469,909,898290,4,200
683,1241,1197729,4,400
655,1105,1031381,4,600
680,3822,3461621,4,700
640,996,982530,4,800
550,987,991463,4,1000
581,1254,1401583,4,1200
589,1189,1263480,4,1400
528,779,842237,4,1600
486,896,955064,4,1800
405,9670,8414827,4,1900
325,510,572440,4,2000
312,725,757685,4,2200
326,661,699729,4,2400
6,3149,2174450,4,2500
352,622,778802,4,2600
472,974,932328,4,2800
263,431,520400,4,3000
233,1017,822196,4,3100
306,474,473716,4,3200
438,2719,2263569,4,3300
417,639,611672,4,3400
516,983,873132,4,3600
21,337,366098,4,3700
365,733,692787,4,3800
214,452,412590,4,3900
345,709,679004,4,4001
196,393,363613,4,4002
565,1122,994788,4,4200
65,1064,893644,4,4300
524,969,941589,4,4401
185,1543,1834422,4,4500
168,1633,1370780,4,4700
2,0,0,4,5000
222,961,806698,4,5100
375,825,694907,4,5200
514,2589,2073368,4,5300
1109,1660,1600756,4,5400
199,626,358634,4,5500
330,1949,1476227,4,5700
1233,2040,1890137,4,5800
445,1959,1544591,4,5900
516,3309,2317238,4,6100
116,2956,2861333,4,6201
766,2278,2443156,4,6202
557,2904,2300770,4,6300
264,1968,1531689,4,6501
441,1911,1571888,4,6502
449,2396,2070824,4,6900
405,2042,1650664,4,7100
206,2429,1925959,4,7300
188,2330,1876205,4,7500
200,996,791708,4,7700
320,1493,1228936,4,7900
163,800,704556,4,8100
329,1312,1150113,4,8300
297,416,314798,4,8500
630,955,954625,4,8600
89,2533,2037352,4,8700
806,1205,1213689,4,8800
246,1276,1099560,4,9100
482,842,807444,4,9400
343,1014,883713,4,9500
607,836,859536,4,9600
615,1628,1274735,4,9700
408,767,712232,4,9800
3,0,0,4,9900
615,892,987326,4,10000
488,1149,932447,4,10100
502,736,813515,4,10200
473,1886,1498786,4,10300
554,890,917120,4,10400
227,1756,1348591,4,10500
489,866,881513,4,10600
26,0,0,4,10701
456,801,832958,4,10800
454,848,826313,4,11000
425,1233,1055993,4,11100
403,734,715588,4,11200
406,1921,1543175,4,11300
220,379,341484,4,11400
397,1169,939606,4,11500
339,587,614183,4,11600
634,1750,1422075,4,11700
384,668,697909,4,11800
234,815,610603,4,11900
344,628,655710,4,12000
387,954,862585,4,12100
425,858,914048,4,12200
773,1363,1216204,4,12301
398,781,834934,4,12400
216,762,617591,4,12500
388,727,722644,4,12601
427,754,757626,4,12602
322,720,843096,4,12800
307,552,716905,4,13000
286,662,769897,4,13200
169,2857,2844956,4,13400
356,645,583670,4,13500
179,922,990828,4,13600
281,817,737008,4,13700
272,1492,1493555,4,13800
436,1512,1512987,4,14000
267,727,544282,4,14100
531,1316,1239276,4,14201
473,654,615865,4,14202
368,1810,1354640,4,14300
306,583,574367,4,14400
388,1030,816574,4,14500
403,1407,1147772,4,14700
342,534,564501,4,14800
283,1042,855145,4,14900
380,607,639001,4,15000
334,1233,938892,4,15100
436,735,719739,4,15200
318,998,813348,4,15300
332,641,613777,4,15400
387,1028,854389,4,15500
510,823,847136,4,15600
100,778,530108,4,15700
681,992,987597,4,15801
791,1198,1138709,4,15802
397,1998,1506993,4,15900
260,848,717840,4,16100
161,1706,1425059,4,16300
597,842,839037,4,16400
562,927,863599,4,16600
546,773,744629,4,16800
490,2419,2012943,4,16900
493,707,669687,4,17000
106,0,0,4,17100
450,616,576861,4,17200
507,671,652471,4,17400
443,622,620435,4,17600
434,572,542462,4,17800
201,444,329740,4,17900
259,349,319177,4,18000
145,1728,1421335,4,18101
101,2052,1742343,4,18102
604,703,713164,4,18200
414,2762,2227047,4,18300
368,646,692661,4,18401
501,636,635121,4,18402
183,1633,1371002,4,18501
153,1578,1335989,4,18502
390,500,502059,4,18600
483,1118,912783,4,18700
299,404,426721,4,18800
334,1406,1136857,4,18900
529,639,633190,4,19000
520,668,640865,4,19200
645,824,847940,4,19400
467,834,834629,4,19600
495,914,866151,4,19800
291,219,166804,4,19900
316,417,445179,4,20200
472,605,586164,4,20400
339,358,280389,4,20500
295,529,509664,4,20600
548,1635,1168511,4,20800
336,675,642879,4,21200
629,2090,1930110,4,21400
229,1758,1633061,4,21600
188,3,1792,4,21900
273,3017,2769400,4,22001
513,2675,2534570,4,22002
19,0,600,4,22900
337,499,580923,4,23000
463,1863,1834930,4,23200
461,2486,1722443,4,23500
230,1312,1269411,4,23600
249,1580,1361964,4,23800
248,2149,1872989,4,24000
1067,1879,1854757,4,24300
356,2261,2265507,4,24500
27,0,0,4,24600
154,549,433196,4,24700
412,2151,1879387,4,24900
413,2306,2075542,4,25100
194,2059,1585045,4,25301
142,1256,1003165,4,25302
1163,2725,2607915,4,25400
307,537,533675,4,25500
264,563,476222,4,25700
421,550,593992,4,25800
324,1157,1047736,4,25900
311,839,868531,4,26000
477,9033,1855538,4,26100
328,398,406532,4,26200
471,2129,1767961,4,26300
511,810,754809,4,26400
338,1600,1338785,4,26500
308,777,716286,4,26600
293,2076,1712669,4,26700
205,1565,1345918,4,26901
138,1434,1245132,4,26902
419,516,505855,4,27000
242,2646,2348566,4,27100
436,549,543797,4,27200
319,2377,2084065,4,27300
406,561,525291,4,27400
376,2031,1935107,4,27500
256,367,386710,4,27600
275,2764,2458882,4,27700
167,1275,1316479,4,27800
246,2319,2192268,4,27900
374,514,544384,4,28000
190,2419,2494578,4,28100
420,514,565157,4,28200
164,3157,2798194,4,28300
797,1063,1119466,4,28400
131,2185,2389378,4,28500
126,2840,2705825,4,28700
1053,1357,1323904,4,28800
292,2094,1972811,4,28900
460,2401,2203250,4,29100
224,367,324970,4,29300
1386,2291,2137883,4,29400
276,1675,1438175,4,29500
551,764,729305,4,29700
17,0,72705,4,29900
1036,1298,1336185,4,30600
1004,2771,2296235,4,30902
996,1894,1817814,4,30903
517,1134,1082437,4,30904
819,2583,2322375,4,31700
954,1132,1174293,4,32000
476,1049,951584,4,32700
516,765,828193,4,32800
756,982,1001801,4,32900
1464,1981,2115318,4,33000
772,1349,1402500,4,33401
336,6247,7120865,4,33402
497,873,854949,4,33700
358,1076,1041643,4,33900
547,947,842103,4,34700
315,1456,1357365,4,35100
685,738,812059,4,35200
376,727,627200,4,35300
841,1256,1249379,4,35700
933,1289,1434885,4,35800
374,746,641161,4,36100
327,649,543867,4,36300
444,895,786538,4,36500
735,982,1048014,4,36600
498,786,835228,4,36700
568,777,908976,4,36800
307,490,624090,4,37100
322,772,718655,4,37300
325,1014,885849,4,37500
1532,1948,1971141,4,37600
353,893,809680,4,37700
541,1386,1261860,4,37900
534,1765,1625063,4,38100
131,0,0,4,38301
26,0,0,4,38302
645,845,838985,4,38400
706,1025,1111190,4,39400
375,479,615034,4,39800
347,1119,875313,4,39900
342,419,565846,4,40000
540,1761,1536249,4,40100
375,438,568602,4,40200
502,1631,1422316,4,40300
853,1293,1369765,4,40400
265,775,623353,4,40500
561,1773,1481996,4,40700
368,1201,1007321,4,40900
413,885,743795,4,41100
393,1118,997044,4,41300
781,1301,1347502,4,41400
392,1074,929842,4,41500
714,756,1091534,4,42400
7,0,0,4,42600
451,1263,1126323,4,42700
325,397,496858,4,43200
443,513,572216,4,43400
250,896,811659,4,43701
329,2311,2179078,4,43702
462,1258,1021527,4,43900
829,1192,1146463,4,44000
230,1589,1378759,4,44301
448,1440,1331737,4,44302
696,1175,1139614,4,44400
137,1197,1139429,4,44601
228,1751,1312720,4,44602
325,726,785940,4,44800
399,570,642372,4,45000
86,199,231385,4,45200
359,1449,1444640,4,45400
27,4617,4430257,4,45500
230,309,418551,4,45600
380,1078,1076973,4,45700
277,679,868281,4,45800
402,1073,1049866,4,45900
281,1937,1549174,4,46000
308,752,730256,4,46100
516,2410,2176516,4,46200
346,1072,968932,4,46300
198,519,762885,4,46400
345,972,861858,4,46500
135,1499,1404728,4,46600
319,2025,1854951,4,46700
560,1218,1170409,4,46800
275,2629,2433162,4,46900
588,842,889968,4,47000
355,1416,1254815,4,47100
566,1332,1676252,4,47200
260,2123,1881587,4,47300
581,1808,1673631,4,47500
455,459,969807,4,47600
691,2257,2428532,4,47800
791,2110,1755385,4,47900
484,660,768820,4,48000
265,1851,1514171,4,48100
277,412,597747,4,48200
466,1283,1213240,4,48300
980,1534,1552801,4,48400
469,1753,1751752,4,48500
387,793,520211,4,48900
543,1813,1684068,4,49200
483,770,775538,4,49301
554,1042,943176,4,49302
261,523,520148,4,49500
707,875,984061,4,49600
611,1035,990519,4,49700
910,1636,1433887,4,49900
334,1925,1484466,4,50000
294,407,538342,4,50201
314,402,512863,4,50202
358,508,672032,4,50400
293,654,628999,4,50500
364,427,618016,4,50600
847,1364,1375882,4,50700
425,657,699947,4,50800
369,468,560167,4,51000
550,856,896603,4,51100
645,747,937575,4,51200
504,861,874517,4,51300
525,1330,1305316,4,51500
434,579,671450,4,51600
460,835,757572,4,51700
487,584,665001,4,51800
381,426,543956,4,52000
467,729,634860,4,52100
380,420,525108,4,52200
425,537,666741,4,52400
476,799,724694,4,52500
443,562,628314,4,52600
355,499,529197,4,52800
569,663,739536,4,53000
755,1301,1101827,4,53100
479,550,644648,4,53200
475,605,677640,4,53401
312,407,320628,4,53500
396,462,598599,4,53601
376,454,583062,4,53800
700,1425,1265504,4,53900
918,1192,1329207,4,54000
1199,1462,1682072,4,54200
304,1336,1091170,4,54500
387,1412,1289311,4,54700
539,606,727681,4,54800
390,1693,1504536,4,54900
401,1758,1608387,4,55100
457,1025,1027801,4,55200
278,1108,931621,4,55300
511,721,788707,4,55400
297,675,610172,4,55500
560,632,740122,4,55600
489,1374,1280294,4,55700
441,494,629541,4,55800
177,397,313600,4,55900
385,475,554831,4,56000
22,0,0,4,56100
353,422,506157,4,56200
311,561,645828,4,56400
317,562,502083,4,56500
350,447,568747,4,56600
998,1602,1660986,4,56700
989,1399,1541313,4,56800
544,1407,1292073,4,57700
193,709,607033,4,57900
883,1006,1188608,4,58000
375,1077,995270,4,58100
1035,1226,1387156,4,58200
481,1332,1269586,4,58300
556,1533,1442633,4,58500
427,1348,1262870,4,58700
402,1668,1421566,4,58900
314,351,382052,4,59000
611,2053,1707786,4,59100
325,352,384214,4,59200
622,1676,1586219,4,59300
468,492,562949,4,59400
792,1825,1613138,4,59500
398,434,543455,4,59600
450,541,611817,4,59800
369,620,593841,4,59900
364,379,459771,4,60000
433,853,772399,4,60100
405,688,643860,4,60300
406,442,498205,4,60600
3,2,1512,4,60701
364,444,503975,4,60800
352,374,437541,4,61000
460,471,572664,4,61200
763,2050,1978310,4,61301
2,0,0,4,61302
332,346,414040,4,61400
662,667,813710,4,61601
386,359,479645,4,61602
282,686,658503,4,61800
595,1176,1038889,4,61900
471,479,666488,4,62000
590,1108,1015519,4,62100
594,619,754621,4,62200
402,821,756874,4,62300
2,0,0,4,62400
524,1008,942838,4,62500
742,851,908186,4,62600
533,1103,1076347,4,62700
480,1200,1105711,4,62900
493,502,654555,4,63000
611,641,833941,4,63200
355,614,591510,4,63301
407,640,643103,4,63302
565,1067,1117317,4,63500
934,1266,1416596,4,63700
946,984,1200767,4,63800
488,1175,1248993,4,63900
48,964,1081694,4,64101
2,0,0,4,64102
567,786,797756,4,64500
774,921,1134390,4,64600
737,838,1116032,4,65000
646,892,963323,4,65400
2,0,0,4,65501
931,1469,1597860,4,65600
337,779,751953,4,65702
696,1141,1174940,4,65703
494,746,758460,4,65900
695,987,1109801,4,66000
449,674,679322,4,66100
847,1017,1207153,4,66300
1899,3016,3153613,4,66400
820,1484,1506872,4,66501
754,1114,1119042,4,66701
488,769,815123,4,66900
818,867,980443,4,67100
583,744,852974,4,67700
437,1735,1474913,4,67900
1101,1488,1620732,4,68000
314,384,433296,4,68200
68,1606,1674067,4,68300
420,1889,1800106,4,68700
639,992,1051593,4,69000
162,1315,1255421,4,69300
673,1016,1082178,4,69400
425,953,1097609,4,69500
109,1991,1727938,4,69701
817,1499,1762081,4,69702
526,881,911657,4,70300
654,998,1163471,4,70700
598,1094,1165700,4,70900
452,2939,2645776,4,71100
41,2777,2797388,4,71303
62,2934,3243266,4,71304
101,2569,2731969,4,71305
249,3017,2855525,4,71306
7,0,0,4,71600
75,2810,2728212,4,71701
41,2127,2042672,4,71702
306,1014,991304,4,71900
255,2334,2272233,4,72100
642,841,1694591,4,72300
435,526,667110,4,72900
510,598,720620,4,73100
227,1242,1413990,4,73700
130,2955,3346062,4,73900
141,1621,1750101,4,74100
333,1858,1796416,4,74300
162,1599,1451459,4,74500
307,1407,1431227,4,74700
564,581,1363615,4,74900
104,2726,2554507,4,75701
332,2470,2914646,4,75702
241,2220,2421919,4,76901
89,681,713066,4,76902
114,1183,1382870,4,77300
262,1002,1306268,4,77500
1183,1782,2330606,4,77902
124,1199,1133743,4,77903
917,2289,2351281,4,77904
60,1242,1190199,4,77905
297,1507,1480192,4,77906
372,1061,1052869,4,77907
78,1475,1369626,4,77908
472,555,541207,4,78800
541,797,776104,4,79000
544,1064,759290,4,79200
1,0,0,4,79300
94,3018,2738947,4,79701
229,1766,1613469,4,79702
564,1103,1171469,4,79900
691,1325,1359008,4,80301
892,1181,1239707,4,80302
624,2809,2714550,4,80900
856,1049,1037170,4,81400
721,1038,1028277,4,81800
1292,1740,1762251,4,83700
1064,1538,1622627,4,83800
1328,1962,1985787,4,84000
296,2041,1874470,4,84500
566,902,969050,4,84601
210,259,269254,4,84602
362,2852,2451566,4,84900
129,2253,2114990,4,85300
53,2695,2394099,4,85500
110,2051,1877395,4,85700
152,2249,2015343,4,85900
196,971,985014,4,86100
115,2729,2364283,4,86300
517,742,1585281,4,86400
106,2395,1741527,4,86500
467,1024,887301,4,86900
280,1673,1617708,4,87100
2483,2887,3316474,4,88400
525,4627,4389634,4,88901
2552,2540,4266636,4,89200
434,469,463226,4,90700
35,2838,2411300,4,91601
2,0,0,4,91602
16,9,22154,4,91800
928,1740,1678460,4,91900
812,893,1673448,4,92200
671,1231,1166583,4,92500
1049,1403,2101044,4,92800
1296,2317,2615669,4,92900
815,1804,1753182,4,93401
525,2012,1865938,4,93402
324,2442,2045618,4,93800
914,1748,1954032,4,93900
360,1332,1460360,4,94201
635,1840,1833645,4,94202
176,2761,2959671,4,94203
1230,1432,2267789,4,94500
531,824,823569,4,94700
1113,2151,2139792,4,95400
1048,1934,2074227,4,96400
19,1091,1060148,4,97202
485,2468,2289567,4,97203
323,1199,1207368,4,97204
689,760,1165188,4,97300
785,853,1430590,4,98100
768,951,1280979,4,98700
1218,3021,4667963,4,99100
551,1557,1483225,4,99200
518,1290,1375579,4,99701
450,2036,2516218,4,99703
143,4007,4292514,4,99704
252,1107,1349539,4,99705
570,2504,2339014,4,99801
456,2772,2177952,4,99802
1,0,0,4,99900
554,640,937022,4,100801
1166,2397,2907286,4,100802
728,3270,3398477,4,101001
677,1777,2203226,4,101002
1262,2482,2728684,4,101700
607,1205,1433981,4,102900
515,2008,2043581,4,103201
750,1896,2359330,4,103202
1120,1574,1850285,4,103300
1500,2258,2629402,4,103900
1329,2874,3173523,4,104700
1184,1328,1757351,4,105900
1130,977,1198660,4,107201
7,0,0,4,107202
700,954,1181648,4,108500
1048,1095,1828060,4,109300
551,706,960623,4,109700
936,1208,1268672,4,109900
758,876,1425228,4,111300
422,794,849829,4,112300
485,914,1177970,4,112900
375,653,725464,4,113300
649,1449,1503348,4,113900
812,878,1326179,4,114100
527,625,988836,4,114700
349,394,705633,4,115100
350,702,820789,4,115500
486,1300,1426766,4,115700
429,1423,1608943,4,115900
152,1600,1523744,4,116100
319,2978,2751615,4,116300
259,656,622216,4,116700
502,992,1134991,4,117100
820,1995,2269184,4,117500
394,743,743152,4,118100
293,709,736910,4,118500
329,744,838312,4,118700
392,703,787238,4,118900
524,1083,1103755,4,119100
419,767,892044,4,119300
345,444,539710,4,119500
359,463,653867,4,119900
325,485,561595,4,120100
345,491,603451,4,120300
375,1007,943041,4,120500
688,922,1105299,4,120700
10,0,0,4,121100
884,1368,1343084,4,121500
856,1184,1450955,4,122300
643,4415,4406058,4,122701
194,2900,2856775,4,122702
1055,1296,1588919,4,124100
1083,1192,1616089,4,124700
546,1102,1063136,4,125700
395,578,557288,4,126500
603,682,1339203,4,126700
1214,1189,2602173,4,127700
6,0,0,4,128300
1005,1274,2072492,4,129102
280,2138,2213253,4,129103
454,1928,1970701,4,129104
571,1582,1896379,4,130100
1153,1364,1908904,4,133300
440,466,639448,4,133900
908,1080,1404812,4,134100
371,4006,3871045,4,134700
771,2145,2355420,4,136700
625,2438,2508160,4,137700
994,1491,2036310,4,138501
8,0,0,4,138502
551,578,824917,4,139900
736,785,981408,4,140300
277,322,413219,4,140901
726,886,1161708,4,140902
1254,1573,1948359,4,141700
1047,1303,1646152,4,142900
635,761,967837,4,143500
584,1193,1258422,4,144100
736,1023,1041651,4,144700
394,500,573454,4,145101
611,851,919585,4,145102
771,963,1191580,4,145900
450,1014,1024637,4,146300
400,1343,1280891,4,146700
682,1339,1534502,4,147100
1092,1714,2036059,4,147900
1079,1084,2321710,4,148300
1012,1118,1895028,4,150701
963,1220,1912447,4,150702
644,2345,2877252,4,152901
771,2280,2513904,4,152902
1,1844,2690565,4,155101
540,3588,3094181,4,155102
121,250,242600,4,156700
1831,2550,2811337,4,157101
429,576,652897,4,157102
1350,1759,2153590,4,157901
1112,1108,1616296,4,157902
1175,1369,1680550,4,157903
1382,1514,1797321,4,161700
1416,2064,2264966,4,162100
1683,33,48605,5,0
175,1208,1250856,5,300
546,1337,1389599,5,600
283,2290,2242846,5,700
1566,1953,2183800,5,800
365,843,904721,5,900
684,1453,1530092,5,1100
419,664,766232,5,1700
1,0,0,5,1800
486,1253,1363552,5,2001
627,1094,1300943,5,2002
1054,2147,1846090,5,2100
287,478,453995,5,2700
855,1972,1859015,5,2900
793,1447,1874015,5,3300
689,861,908840,5,3600
169,1116,1228861,5,3900
2197,4522,4829404,5,4000
693,1180,1183213,5,4700
936,1530,2084283,5,5000
751,1187,1570229,5,5900
818,1294,1509410,5,6400
801,1090,1554230,5,6700
2350,2798,3083425,5,7000
1034,1612,1675750,5,7400
712,1198,1303203,5,7500
448,571,602910,5,7700
942,1751,1938135,5,8100
1059,1557,1760373,5,9601
981,1468,1578252,5,9602
863,1521,1711192,5,9700
1311,1743,2019356,5,10500
2131,2085,2362791,5,11201
2112,2376,2541705,5,11202
550,1367,1275630,5,11401
908,1406,1518531,5,11402
1180,1201,1704759,5,12100
1241,1540,1837687,5,12200
721,1025,1196977,5,12500
1410,1663,1770641,5,12804
1103,884,1061344,5,12805
1201,2556,2732955,5,12806
558,597,785328,5,13201
1645,2248,2620781,5,13203
1491,1946,2336305,5,13204
17,648,559873,5,13301
918,1027,1149541,5,13302
1244,1625,1841936,5,13400
2116,2427,3468450,5,13800
585,961,989507,5,14100
1825,2583,3093251,5,14604
1228,1409,1798439,5,14605
1741,2333,2961759,5,14606
1220,1684,2005909,5,14607
1060,1269,1560676,5,14608
1012,1530,1829810,5,14700
1681,2101,2548799,5,15100
1,0,0,5,15400
2182,2545,3066001,5,15601
1177,1193,1765185,5,15602
1519,1689,2270808,5,15603
906,1135,1324771,5,16901
1505,1816,2595279,5,17005
1733,1783,2428284,5,17007
2155,2636,3539518,5,17008
1278,1730,2380034,5,17009
2399,3085,4151441,5,17010
1264,1796,2180862,5,17011
1330,1664,2030118,5,17012
427,939,1127841,5,17300
1917,1802,3776877,5,17600
2446,2511,5583250,5,17700
1018,1251,2349745,5,18100
571,643,750811,5,18701
1715,2318,2662794,5,18702
1750,2120,2430558,5,18901
1262,1775,2109113,5,18902
654,742,876436,5,19700
2184,2412,4159403,5,19800
995,1285,1446796,5,20100
1348,2051,2032397,5,20700
2132,3370,4979582,5,20801
1888,2643,3748945,5,20803
1594,2068,2918472,5,20804
1236,1699,1882941,5,21300
811,947,1081345,5,22300
3045,2969,4355911,5,22600
63,33,38812,5,22800
1007,1389,1485294,5,23100
832,1080,1122066,5,23900
1784,2129,3602908,5,24401
1344,1719,2647477,5,24402
618,969,932333,5,24700
1460,1822,2413373,5,24800
1569,2117,2593006,5,25100
878,1636,2240330,5,27301
889,1284,1636383,5,27302
450,2799,3114927,5,27702
986,1439,1916579,5,27704
1226,1773,2395662,5,27705
527,1074,1373797,5,27706
801,664,1261778,5,27900
1245,1057,1327043,5,29102
1621,2716,3323946,5,29103
1639,2446,2889102,5,29104
727,1683,1808298,5,30301
1257,2076,2493783,5,30302
356,1082,995187,5,31901
896,1729,1721687,5,31902
304,471,494212,5,32300
